2014;05;28;16;17;13;26
2014;05;28;16;17;15;28
2014;05;28;16;17;16;29
2014;05;28;16;17;17;29
2014;05;28;16;17;18;29
2014;05;28;16;17;22;33
2014;05;28;16;17;23;35
2014;05;28;16;17;24;37
2014;05;28;16;17;25;39
2014;05;28;16;17;26;42
2014;05;28;16;17;28;44
2014;05;28;16;17;30;49
2014;05;28;16;17;31;50
2014;05;28;16;17;33;52
2014;05;28;16;17;34;53
2014;05;28;16;17;36;54
2014;05;28;16;17;38;55
2014;05;28;16;17;39;55
2014;05;28;16;17;45;58
2014;05;28;16;17;46;58
2014;05;28;16;17;47;57
2014;05;28;16;17;48;56
2014;05;28;16;17;49;54
2014;05;28;16;17;51;52
2014;05;28;16;17;52;50
2014;05;28;16;18;00;42
2014;05;28;16;18;04;39
2014;05;28;16;18;07;37
2014;05;28;16;18;15;33
2014;05;28;16;18;16;33
2014;05;28;16;18;17;33
2014;05;28;16;18;18;32
2014;05;28;16;18;19;32
2014;05;28;16;18;20;32
2014;05;28;16;18;21;32
2014;05;28;16;18;23;31
2014;05;28;16;18;29;30
2014;05;28;16;18;30;30
2014;05;28;16;18;35;29
2014;05;28;16;18;39;31
2014;05;28;16;18;40;32
2014;05;28;16;18;44;33
2014;05;28;16;18;48;35
2014;05;28;16;18;49;36
2014;05;28;16;18;50;38
2014;05;28;16;18;51;39
2014;05;28;16;18;54;42
2014;05;28;16;18;55;42
2014;05;28;16;18;56;43
2014;05;28;16;18;57;43
2014;05;28;16;18;58;43
2014;05;28;16;18;59;43
2014;05;28;16;19;00;42
2014;05;28;16;19;02;41
2014;05;28;16;19;03;41
2014;05;28;16;19;04;40
2014;05;28;16;19;12;40
2014;05;28;16;19;14;41
2014;05;28;16;19;15;42
2014;05;28;16;19;16;44
2014;05;28;16;19;17;46
2014;05;28;16;19;18;47
2014;05;28;16;19;19;48
2014;05;28;16;19;20;47
2014;05;28;16;19;21;46
2014;05;28;16;19;22;45
2014;05;28;16;19;23;44
2014;05;28;16;19;24;43
2014;05;28;16;19;25;42
2014;05;28;16;19;26;42
2014;05;28;16;19;27;41
2014;05;28;16;19;28;40
2014;05;28;16;19;29;39
2014;05;28;16;19;31;39
2014;05;28;16;19;32;38
2014;05;28;16;19;33;38
2014;05;28;16;19;35;37
2014;05;28;16;19;36;36
2014;05;28;16;19;37;36
2014;05;28;16;19;39;35
2014;05;28;16;19;40;34
2014;05;28;16;19;41;34
2014;05;28;16;19;42;34
2014;05;28;16;19;43;34
2014;05;28;16;19;45;33
2014;05;28;16;19;47;33
2014;05;28;16;19;48;32
2014;05;28;16;19;49;32
2014;05;28;16;19;50;32
2014;05;28;16;19;52;32
2014;05;28;16;19;53;31
2014;05;28;16;19;55;31
2014;05;28;16;19;56;31
2014;05;28;16;19;57;31
2014;05;28;16;19;58;31
2014;05;28;16;19;59;31
2014;05;28;16;20;00;30
2014;05;28;16;20;02;30
2014;05;28;16;20;04;30
2014;05;28;16;20;05;30
2014;05;28;16;20;06;30
2014;05;28;16;20;08;30
2014;05;28;16;20;09;30
2014;05;28;16;20;11;29
2014;05;28;16;20;12;29
2014;05;28;16;20;14;29
2014;05;28;16;20;15;29
2014;05;28;16;20;16;29
2014;05;28;16;20;17;29
2014;05;28;16;20;18;29
2014;05;28;16;20;19;29
2014;05;28;16;20;20;29
2014;05;28;16;20;26;29
2014;05;28;16;20;27;29
2014;05;28;16;20;28;28
2014;05;28;16;20;30;28
2014;05;28;16;20;31;28
2014;05;28;16;20;32;28
2014;05;28;16;20;33;28
2014;05;28;16;20;35;28
2014;05;28;16;20;36;28
2014;05;28;16;20;37;28
2014;05;28;16;20;43;28
2014;05;28;16;20;44;28
2014;05;28;16;20;45;28
2014;05;28;16;20;46;27
2014;05;28;16;20;47;27
2014;05;28;16;20;48;28
2014;05;28;16;20;50;27
2014;05;28;16;20;51;27
2014;05;28;16;20;52;28
2014;05;28;16;20;53;27
2014;05;28;16;20;54;27
2014;05;28;16;20;59;27
2014;05;28;16;21;05;27
2014;05;28;16;21;06;27
2014;05;28;16;21;09;27
2014;05;28;16;21;10;27
2014;05;28;16;21;11;27
2014;05;28;16;21;12;27
2014;05;28;16;21;13;27
2014;05;28;16;21;14;27
2014;05;28;16;21;16;27
2014;05;28;16;21;17;27
2014;05;28;16;21;18;27
2014;05;28;16;21;19;27
2014;05;28;16;21;20;27
2014;05;28;16;21;21;27
2014;05;28;16;21;22;27
2014;05;28;16;21;23;27
2014;05;28;16;21;24;27
2014;05;28;16;21;25;27
2014;05;28;16;21;26;27
2014;05;28;16;21;27;27
2014;05;28;16;21;28;27
2014;05;28;16;21;29;27
2014;05;28;16;21;30;27
2014;05;28;16;21;31;26
2014;05;28;16;21;32;27
2014;05;28;16;21;33;26
2014;05;28;16;21;34;26
2014;05;28;16;21;35;26
2014;05;28;16;21;37;26
2014;05;28;16;21;38;26
2014;05;28;16;21;39;26
2014;05;28;16;21;40;26
2014;05;28;16;21;41;26
2014;05;28;16;21;42;26
2014;05;28;16;21;43;26
2014;05;28;16;21;44;26
2014;05;28;16;21;45;26
2014;05;28;16;21;46;26
2014;05;28;16;21;47;26
2014;05;28;16;21;48;26
2014;05;28;16;21;49;26
2014;05;28;16;21;50;26
2014;05;28;16;21;51;26
2014;05;28;16;21;52;26
2014;05;28;16;21;53;26
2014;05;28;16;21;54;26
2014;05;28;16;21;55;26
2014;05;28;16;21;56;26
2014;05;28;16;21;57;26
2014;05;28;16;21;58;26
2014;05;28;16;21;59;26
2014;05;28;16;22;00;26
2014;05;28;16;22;01;26
2014;05;28;16;22;03;26
2014;05;28;16;22;04;26
2014;05;28;16;22;05;26
2014;05;28;16;22;06;26
2014;05;28;16;22;07;26
2014;05;28;16;22;08;26
2014;05;28;16;22;09;26
2014;05;28;16;22;10;26
2014;05;28;16;22;11;26
2014;05;28;16;22;12;26
2014;05;28;16;22;13;26
2014;05;28;16;22;14;26
2014;05;28;16;22;15;26
2014;05;28;16;22;16;26
2014;05;28;16;22;17;26
2014;05;28;16;22;18;26
2014;05;28;16;22;19;26
2014;05;28;16;22;20;26
2014;05;28;16;22;21;26
2014;05;28;16;22;22;26
2014;05;28;16;22;23;26
2014;05;28;16;22;24;26
2014;05;28;16;22;25;26
2014;05;28;16;22;26;26
2014;05;28;16;22;27;26
2014;05;28;16;22;28;26
2014;05;28;16;22;29;26
2014;05;28;16;22;30;26
2014;05;28;16;22;31;26
2014;05;28;16;22;33;26
2014;05;28;16;22;34;26
2014;05;28;16;22;35;26
2014;05;28;16;22;36;26
2014;05;28;16;22;37;26
2014;05;28;16;22;38;26
2014;05;28;16;22;39;26
